epoch,accuracy,auc,f1,learning_rate,loss,precision,recall,val_accuracy,val_auc,val_f1,val_loss,val_precision,val_recall
0,0.8428774476051331,0.7646265029907227,0.13746243715286255,0.0005000000237487257,0.06084079295396805,0.5363128781318665,0.33141541481018066,0.916757345199585,0.7501397132873535,0.4604436457157135,0.03896099701523781,0.4787878692150116,0.5410959124565125
1,0.8668244481086731,0.8869243264198303,0.18918439745903015,0.0005000000237487257,0.04639219492673874,0.5825436115264893,0.6720368266105652,0.8868334889411926,0.776292085647583,0.3782811462879181,0.042631845921278,0.35514017939567566,0.5205479264259338
2,0.8675816655158997,0.8999509811401367,0.18925489485263824,0.0005000000237487257,0.04402747005224228,0.5830475091934204,0.6846950650215149,0.816648542881012,0.7824715375900269,0.2912920415401459,0.05566354840993881,0.22946175932884216,0.5547945499420166
3,0.8672030568122864,0.8932461142539978,0.19130168855190277,0.0005000000237487257,0.04530056193470955,0.5842979550361633,0.6680092215538025,0.8971708416938782,0.7907558679580688,0.4125925302505493,0.04085974395275116,0.3951219618320465,0.5547945499420166
4,0.8814008235931396,0.9188465476036072,0.19432219862937927,0.0005000000237487257,0.04019629955291748,0.6178901195526123,0.7313003540039062,0.8764961957931519,0.8029425144195557,0.3965816795825958,0.04909743741154671,0.3460076153278351,0.6232876777648926
5,0.8861334323883057,0.9233378171920776,0.19438263773918152,0.0005000000237487257,0.039090074598789215,0.6282973885536194,0.7537399530410767,0.8792165517807007,0.8131618499755859,0.40022432804107666,0.0449768491089344,0.3527131676673889,0.6232876777648926
6,0.8955986499786377,0.9338130950927734,0.19315029680728912,0.0002500000118743628,0.036529093980789185,0.6554087400436401,0.7704257965087891,0.8949945569038391,0.8277692198753357,0.4379095733165741,0.040581222623586655,0.3982684016227722,0.6301369667053223
7,0.895977258682251,0.937012791633606,0.19652892649173737,0.0002500000118743628,0.035725757479667664,0.6522153615951538,0.7876870036125183,0.9020674824714661,0.8260589838027954,0.45330941677093506,0.04152555763721466,0.4220183491706848,0.6301369667053223
8,0.8996686935424805,0.9416030645370483,0.19825035333633423,0.0002500000118743628,0.034492917358875275,0.6637681126594543,0.7905638813972473,0.7883569002151489,0.7985079288482666,0.2891753315925598,0.0661589652299881,0.21809744834899902,0.6438356041908264
9,0.8984382152557373,0.9439013004302979,0.19554895162582397,0.0002500000118743628,0.033838022500276566,0.6607056260108948,0.7865362763404846,0.8438519835472107,0.8077354431152344,0.3426245152950287,0.05239740014076233,0.28037384152412415,0.6164383292198181
10,0.8996686935424805,0.9451546669006348,0.19761811196804047,0.0002500000118743628,0.033485088497400284,0.6614285707473755,0.7991944551467896,0.9211099147796631,0.8281700611114502,0.4935857951641083,0.03416271507740021,0.5028571486473083,0.6027397513389587
11,0.9022243022918701,0.9496601819992065,0.19207529723644257,0.0002500000118743628,0.032259583473205566,0.6751117706298828,0.7819332480430603,0.8993471264839172,0.8170520067214966,0.4426826536655426,0.04029170423746109,0.40758293867111206,0.5890411138534546
12,0.9048745632171631,0.9486534595489502,0.19376571476459503,0.0002500000118743628,0.032467298209667206,0.6813458800315857,0.7922899723052979,0.899891197681427,0.8170641660690308,0.4388515055179596,0.042368363589048386,0.4103773534297943,0.5958904027938843
13,0.9112162590026855,0.9531702399253845,0.1896640509366989,0.0002500000118743628,0.03112083300948143,0.7055498361587524,0.7899885177612305,0.8922742009162903,0.8145767450332642,0.4271877706050873,0.04735869914293289,0.38695651292800903,0.6095890402793884
14,0.9115002155303955,0.9548419713973999,0.19692732393741608,0.0002500000118743628,0.03049328550696373,0.6986640095710754,0.8124280571937561,0.9102284908294678,0.8257452249526978,0.474444180727005,0.04025748372077942,0.4517766535282135,0.6095890402793884
15,0.9145290851593018,0.9562520980834961,0.19056867063045502,0.0002500000118743628,0.030222725123167038,0.7162092328071594,0.7957422137260437,0.7916213274002075,0.7873797416687012,0.29319247603416443,0.07968153059482574,0.22117647528648376,0.6438356041908264
16,0.9136772155761719,0.9592891931533813,0.19431449472904205,0.0001250000059371814,0.029195938259363174,0.7060878276824951,0.8141542077064514,0.909684419631958,0.8186429738998413,0.4663617014884949,0.040310587733983994,0.44897958636283875,0.6027397513389587
17,0.9200189113616943,0.9632249474525452,0.19354616105556488,0.0001250000059371814,0.027781108394265175,0.7263051271438599,0.824510931968689,0.9058759808540344,0.8108949661254883,0.45661497116088867,0.04128550365567207,0.4334975481033325,0.6027397513389587
18,0.9203028678894043,0.9650396704673767,0.1930742859840393,0.0001250000059371814,0.02708117663860321,0.726262629032135,0.827387809753418,0.8944504857063293,0.8050900101661682,0.4318574368953705,0.04760274291038513,0.395652174949646,0.6232876777648926
19,0.9260766506195068,0.9653192758560181,0.19439241290092468,0.0001250000059371814,0.027014968916773796,0.7467767000198364,0.833141565322876,0.8944504857063293,0.8001494407653809,0.4255651831626892,0.04824531078338623,0.3947368562221527,0.6164383292198181
20,0.9207761287689209,0.9646215438842773,0.19537119567394257,0.0001250000059371814,0.027200328186154366,0.7253626585006714,0.8342922925949097,0.9134929180145264,0.8135403394699097,0.4783456325531006,0.039956897497177124,0.46560847759246826,0.6027397513389587
21,0.9274017810821533,0.9676557779312134,0.19151008129119873,6.25000029685907e-05,0.026136334985494614,0.7543216347694397,0.8285385370254517,0.9124047756195068,0.8099091649055481,0.4709188938140869,0.040439266711473465,0.46073299646377563,0.6027397513389587
22,0.9321343898773193,0.9698694944381714,0.1906317174434662,6.25000029685907e-05,0.025287367403507233,0.7635518908500671,0.8509781360626221,0.9129488468170166,0.8145564198493958,0.4723176658153534,0.04107842594385147,0.4642857015132904,0.6232876777648926
23,0.9277803897857666,0.9703449606895447,0.19474339485168457,6.25000029685907e-05,0.02507350780069828,0.7493606209754944,0.8429229259490967,0.907508134841919,0.806419849395752,0.46390417218208313,0.04606718569993973,0.4423076808452606,0.6301369667053223
24,0.9292948246002197,0.9702451825141907,0.1972181499004364,6.25000029685907e-05,0.02512464113533497,0.7506322860717773,0.8538550138473511,0.9194777011871338,0.8105509281158447,0.4916233718395233,0.04059060662984848,0.49450549483299255,0.6164383292198181
25,0.9302413463592529,0.9703866243362427,0.19054539501667023,6.25000029685907e-05,0.02500421181321144,0.7613577246665955,0.8388952612876892,0.9118607044219971,0.8069197535514832,0.4717086851596832,0.04378582909703255,0.46000000834465027,0.6301369667053223
