accuracy,auc,f1,loss,precision,recall,val_accuracy,val_auc,val_f1,val_loss,val_precision,val_recall,val_f1_dynamic,val_threshold
0.67724609375,0.7690906524658203,0.37370026111602783,0.07619312405586243,0.7970539927482605,0.4755859375,0.8003472089767456,0.9068347215652466,0.44077664613723755,0.05199877917766571,0.8810572624206543,0.6944444179534912,0.625,0.49999999999999994
0.77001953125,0.8595771789550781,0.44857290387153625,0.04975324869155884,0.831932783126831,0.6767578125,0.8038194179534912,0.9110665321350098,0.5175879001617432,0.04266951233148575,0.783171534538269,0.8402777910232544,0.6413793103448275,0.5999999999999999
0.79248046875,0.875734806060791,0.45791417360305786,0.04270065575838089,0.8462427854537964,0.71484375,0.7760416865348816,0.9099030494689941,0.4037266671657562,0.03821268677711487,0.9076923131942749,0.6145833134651184,0.6524822695035462,0.44999999999999996
0.7958984375,0.884833812713623,0.4535751938819885,0.039318401366472244,0.8564705848693848,0.7109375,0.828125,0.8994743824005127,0.4938488006591797,0.03759234398603439,0.836298942565918,0.8159722089767456,0.6461538461538462,0.5999999999999999
0.828125,0.9059619903564453,0.46722158789634705,0.035413287580013275,0.8741648197174072,0.7666015625,0.8385416865348816,0.9105721712112427,0.4829442799091339,0.034821849316358566,0.8624535202980042,0.8055555820465088,0.7289048473967684,0.5499999999999999
0.818359375,0.9037795066833496,0.45877373218536377,0.03510533645749092,0.8755760192871094,0.7421875,0.8229166865348816,0.9210611581802368,0.4586465656757355,0.032807644456624985,0.881147563457489,0.7465277910232544,0.6505295007564297,0.49999999999999994
0.83544921875,0.9117884635925293,0.46246713399887085,0.033112045377492905,0.8898978233337402,0.765625,0.8229166865348816,0.9335997700691223,0.44401535391807556,0.03121682070195675,0.904347836971283,0.7222222089767456,0.6585034013605442,0.39999999999999997
0.826171875,0.9126343727111816,0.46048465371131897,0.03241495415568352,0.8821510076522827,0.7529296875,0.8472222089767456,0.9324423670768738,0.45247143507003784,0.029828893020749092,0.9201680421829224,0.7604166865348816,0.7263681592039801,0.49999999999999994
0.845703125,0.9263033866882324,0.47540977597236633,0.029950257390737534,0.881465494632721,0.798828125,0.8246527910232544,0.9309413433074951,0.45142850279808044,0.02930847555398941,0.8945147395133972,0.7361111044883728,0.7090301003344481,0.49999999999999994
0.84765625,0.9226179122924805,0.4770173132419586,0.030230287462472916,0.881156325340271,0.8037109375,0.7621527910232544,0.8853443264961243,0.41582146286964417,0.034739069640636444,0.8682926893234253,0.6180555820465088,0.6104417670682731,0.44999999999999996
0.83349609375,0.917973518371582,0.46694424748420715,0.030654488131403923,0.8807134628295898,0.771484375,0.8385416865348816,0.9260947704315186,0.4576270580291748,0.02977142482995987,0.9012345671653748,0.7604166865348816,0.7092198581560284,0.5499999999999999
0.84912109375,0.9317669868469238,0.4697047472000122,0.028127556666731834,0.8941565752029419,0.7919921875,0.7847222089767456,0.8879485130310059,0.472527414560318,0.03528653457760811,0.817829430103302,0.7326388955116272,0.657243816254417,0.5499999999999999
0.84228515625,0.9220600128173828,0.46805188059806824,0.029882973060011864,0.8890122175216675,0.7822265625,0.8454861044883728,0.9196144342422485,0.45557650923728943,0.030006222426891327,0.9128630757331848,0.7638888955116272,0.7272727272727273,0.49999999999999994
0.8564453125,0.9345183372497559,0.4716201722621918,0.02743442729115486,0.8993435502052307,0.802734375,0.8385416865348816,0.9004870653152466,0.4810810387134552,0.032991036772727966,0.8651685118675232,0.8020833134651184,0.6715116279069767,0.49999999999999994
0.8466796875,0.930201530456543,0.47967472672462463,0.028042858466506004,0.8760592937469482,0.8076171875,0.84375,0.9178240299224854,0.4782608151435852,0.030658595263957977,0.875,0.8020833134651184,0.655436447166922,0.5499999999999999
0.85693359375,0.9318418502807617,0.4788803458213806,0.027603959664702415,0.888416588306427,0.81640625,0.828125,0.9258536100387573,0.44077664613723755,0.029134061187505722,0.91629958152771,0.7222222089767456,0.6634768740031898,0.49999999999999994
0.857421875,0.935542106628418,0.47325095534324646,0.027100790292024612,0.897826075553894,0.806640625,0.859375,0.9308630228042603,0.47731390595436096,0.028116630390286446,0.8935361504554749,0.8159722089767456,0.6783216783216783,0.5999999999999999
0.86279296875,0.9425535202026367,0.4778173863887787,0.02580401487648487,0.8964781165122986,0.8203125,0.8888888955116272,0.9419186115264893,0.5034481883049011,0.027221739292144775,0.8835616707801819,0.8958333134651184,0.7323943661971831,0.5999999999999999
0.87548828125,0.9504680633544922,0.4825668931007385,0.024073731154203415,0.9026178121566772,0.841796875,0.8489583134651184,0.9219352602958679,0.48663094639778137,0.02920740470290184,0.8681318759918213,0.8229166865348816,0.6977491961414791,0.5499999999999999
0.87841796875,0.9477005004882812,0.4856855273246765,0.024887971580028534,0.9007238745689392,0.8505859375,0.7986111044883728,0.9396400451660156,0.41224485635757446,0.029158033430576324,0.9257425665855408,0.6493055820465088,0.7099697885196374,0.44999999999999996
0.8828125,0.9494295120239258,0.48387089371681213,0.024497080594301224,0.9083333611488342,0.8515625,0.8784722089767456,0.9491825699806213,0.48014432191848755,0.024433527141809464,0.9097744226455688,0.8402777910232544,0.7425742574257426,0.5499999999999999
0.87255859375,0.9485344886779785,0.4836106300354004,0.024442045018076897,0.8978102207183838,0.8408203125,0.859375,0.9337143301963806,0.48663094639778137,0.027500970289111137,0.8791208863258362,0.8333333134651184,0.7201426024955436,0.5999999999999999
0.88037109375,0.9476900100708008,0.4809933602809906,0.024876069277524948,0.9104320406913757,0.84375,0.890625,0.9470667243003845,0.48663094639778137,0.024394869804382324,0.9120879173278809,0.8645833134651184,0.7189952904238619,0.5499999999999999
0.86962890625,0.9466023445129395,0.48204344511032104,0.024909058585762978,0.8971668481826782,0.8349609375,0.8524305820465088,0.9351972341537476,0.4810810387134552,0.027191095054149628,0.8801498413085938,0.8159722089767456,0.7433628318584071,0.5499999999999999
0.88720703125,0.9558773040771484,0.4892767369747162,0.02285650186240673,0.9041793942451477,0.8662109375,0.8420138955116272,0.911241352558136,0.4920634329319,0.033833667635917664,0.8530465960502625,0.8263888955116272,0.6179775280898876,0.5499999999999999
0.87646484375,0.9544811248779297,0.4892767369747162,0.023234998807311058,0.8929663896560669,0.85546875,0.7517361044883728,0.89599609375,0.3779697120189667,0.04529222473502159,0.9142857193946838,0.5555555820465088,0.6387225548902196,0.49999999999999994
0.876953125,0.9514927864074707,0.48125627636909485,0.024095332249999046,0.906315803527832,0.8408203125,0.8454861044883728,0.9287651777267456,0.4715595543384552,0.02780946157872677,0.887159526348114,0.7916666865348816,0.7347670250896058,0.5499999999999999
0.8974609375,0.9604220390319824,0.4915590286254883,0.022102337330579758,0.9111111164093018,0.880859375,0.765625,0.8998359441757202,0.3987473249435425,0.04276903346180916,0.9005235433578491,0.5972222089767456,0.6156028368794326,0.39999999999999997
0.904296875,0.9681472778320312,0.48645931482315063,0.020169541239738464,0.9268041253089905,0.8779296875,0.8420138955116272,0.9367886781692505,0.44933071732521057,0.03345993906259537,0.9191489219665527,0.75,0.6595419847328244,0.49999999999999994
0.8837890625,0.9582581520080566,0.4869738817214966,0.022639406844973564,0.904321014881134,0.8583984375,0.8628472089767456,0.9362642168998718,0.47731390595436096,0.02713060937821865,0.8973383903503418,0.8194444179534912,0.6799387442572741,0.5499999999999999
0.9033203125,0.9643425941467285,0.4950689673423767,0.02095138281583786,0.9113546013832092,0.8935546875,0.859375,0.9401824474334717,0.45966222882270813,0.0282620619982481,0.922448992729187,0.7847222089767456,0.6696296296296296,0.49999999999999994
0.89892578125,0.9617919921875,0.49029362201690674,0.021594900637865067,0.9147208333015442,0.8798828125,0.8663194179534912,0.9273123741149902,0.490265429019928,0.030659370124340057,0.8808664083480835,0.8472222089767456,0.6753246753246753,0.5499999999999999
0.90771484375,0.964148998260498,0.49029362201690674,0.020832521840929985,0.9238578677177429,0.888671875,0.8559027910232544,0.9399052858352661,0.4715595543384552,0.02636122889816761,0.8988326787948608,0.8020833134651184,0.6587615283267457,0.44999999999999996
0.9052734375,0.9671754837036133,0.48953133821487427,0.020248454064130783,0.9226069450378418,0.884765625,0.8298611044883728,0.9467532634735107,0.4503816068172455,0.025189995765686035,0.9025423526763916,0.7395833134651184,0.6894586894586895,0.44999999999999996
0.90771484375,0.9682149887084961,0.49130645394325256,0.01977541483938694,0.9221435785293579,0.890625,0.796875,0.9338349103927612,0.41344186663627625,0.03128621354699135,0.9211822748184204,0.6493055820465088,0.653555219364599,0.44999999999999996
0.89501953125,0.9625873565673828,0.4856855273246765,0.0213047806173563,0.9183040261268616,0.8671875,0.8576388955116272,0.9374759197235107,0.4646839499473572,0.027564935386180878,0.9120000004768372,0.7916666865348816,0.7455830388692579,0.5499999999999999
0.9013671875,0.9635448455810547,0.4869738817214966,0.020965872332453728,0.9228395223617554,0.8759765625,0.8211805820465088,0.9354444146156311,0.43418461084365845,0.031030476093292236,0.918552041053772,0.7048611044883728,0.6646795827123696,0.44999999999999996
0.9091796875,0.9670042991638184,0.4935706555843353,0.01994984969496727,0.9198396801948547,0.896484375,0.8524305820465088,0.939495325088501,0.4576270580291748,0.029351254925131798,0.9176954627037048,0.7743055820465088,0.6607407407407407,0.49999999999999994
0.91650390625,0.9695630073547363,0.49231526255607605,0.01941799744963646,0.9295065402984619,0.9013671875,0.796875,0.9346305727958679,0.4251496493816376,0.030699623748660088,0.9014084339141846,0.6666666865348816,0.6938202247191011,0.39999999999999997
0.91357421875,0.9727201461791992,0.49080052971839905,0.018692748621106148,0.9290780425071716,0.8955078125,0.8559027910232544,0.9340458512306213,0.4715595543384552,0.031128516420722008,0.8988326787948608,0.8020833134651184,0.6657060518731989,0.49999999999999994
0.9169921875,0.9678044319152832,0.4955664575099945,0.01993834227323532,0.9244532585144043,0.908203125,0.8489583134651184,0.9369152784347534,0.4576270580291748,0.02865574136376381,0.9135802388191223,0.7708333134651184,0.6820276497695853,0.49999999999999994
0.92041015625,0.9747128486633301,0.49029362201690674,0.017906738445162773,0.9370558261871338,0.9013671875,0.8385416865348816,0.9321771860122681,0.45557650923728943,0.03084896318614483,0.9045643210411072,0.7569444179534912,0.7120418848167539,0.5499999999999999
0.908203125,0.9698991775512695,0.49105361104011536,0.01925238035619259,0.9230769276618958,0.890625,0.8003472089767456,0.9384403228759766,0.42284566164016724,0.03331324830651283,0.9099525809288025,0.6666666865348816,0.6697674418604651,0.44999999999999996
0.9326171875,0.981410026550293,0.4945705235004425,0.016053741797804832,0.9421157836914062,0.921875,0.8333333134651184,0.9366379976272583,0.4374999403953552,0.03158250451087952,0.9285714030265808,0.7222222089767456,0.6842105263157895,0.49999999999999994
0.92431640625,0.9776601791381836,0.4933200776576996,0.0170030128210783,0.9358074069023132,0.9111328125,0.8402777910232544,0.9356614351272583,0.45454540848731995,0.03300853073596954,0.9083333611488342,0.7569444179534912,0.697508896797153,0.5499999999999999
0.912109375,0.9721741676330566,0.49105361104011536,0.018499907106161118,0.9271255135536194,0.89453125,0.8402777910232544,0.9334912896156311,0.4503816068172455,0.03310792148113251,0.9152542352676392,0.75,0.7056910569105691,0.49999999999999994
0.9365234375,0.9798612594604492,0.4985308051109314,0.01635807752609253,0.9390962719917297,0.93359375,0.8315972089767456,0.9382233619689941,0.44293999671936035,0.032698314636945724,0.9170305728912354,0.7291666865348816,0.6896551724137931,0.49999999999999994
0.927734375,0.9789657592773438,0.4950689673423767,0.016620023176074028,0.9362549781799316,0.91796875,0.8211805820465088,0.9373372197151184,0.420523077249527,0.0339549221098423,0.9425837397575378,0.6840277910232544,0.6774774774774774,0.5499999999999999
0.94091796875,0.9786953926086426,0.49877625703811646,0.016667233780026436,0.9430814385414124,0.9384765625,0.8333333134651184,0.9451196193695068,0.43968865275382996,0.031042734161019325,0.9247787594795227,0.7256944179534912,0.6840390879478827,0.49999999999999994
0.9443359375,0.9834904670715332,0.4955664575099945,0.014856042340397835,0.9522863030433655,0.935546875,0.8524305820465088,0.9387116432189941,0.4576270580291748,0.03470895066857338,0.9176954627037048,0.7743055820465088,0.6565517241379311,0.44999999999999996
0.93115234375,0.978973388671875,0.4892767369747162,0.016713809221982956,0.950050950050354,0.91015625,0.8350694179534912,0.924340546131134,0.44293999671936035,0.03873134031891823,0.9213973879814148,0.7326388955116272,0.6953405017921147,0.5499999999999999
0.94140625,0.9847264289855957,0.4955664575099945,0.014568420127034187,0.9493041634559631,0.9326171875,0.8489583134651184,0.9432870149612427,0.4535103738307953,0.03341587260365486,0.9205020666122437,0.7638888955116272,0.7111853088480802,0.5499999999999999
0.9423828125,0.9830870628356934,0.4990214705467224,0.014920739457011223,0.9441176652908325,0.9404296875,0.8090277910232544,0.9279212355613708,0.42399993538856506,0.03710022568702698,0.9198113083839417,0.6770833134651184,0.6610169491525424,0.49999999999999994
0.93798828125,0.9835977554321289,0.49877625703811646,0.014875715598464012,0.9401373863220215,0.935546875,0.8263888955116272,0.9370599389076233,0.4352940618991852,0.035227879881858826,0.9234234094619751,0.7118055820465088,0.6251768033946252,0.44999999999999996
0.93701171875,0.985297679901123,0.4933200776576996,0.014179131016135216,0.9488465189933777,0.923828125,0.8211805820465088,0.9346245527267456,0.42743533849716187,0.040392398834228516,0.930232584476471,0.6944444179534912,0.6559714795008913,0.5499999999999999
0.958984375,0.9896240234375,0.49655845761299133,0.012249104678630829,0.9653465151786804,0.9521484375,0.828125,0.9469461441040039,0.4319525957107544,0.03601698577404022,0.931506872177124,0.7083333134651184,0.6891891891891891,0.49999999999999994
